case,week,start,phase,daily_taper_start,training_km,training_minutes,long_km,longest_training_km,weekday_workouts,long_quality_sessions,key_sessions_with_long
5k-q0,1,2026-09-21,Foundation,,50,331.667,10,10.15,0,0,1
5k-q0,2,2026-09-28,Foundation,,50,331.667,10,10.15,0,0,1
5k-q0,3,2026-10-05,Build,,50,331.667,10,10.15,0,0,1
5k-q0,4,2026-10-12,Recovery,,39.6,265.067,8,8,0,0,1
5k-q0,5,2026-10-19,Build,,50,331.667,10,10.15,0,0,1
5k-q0,6,2026-10-26,Build,,50,331.667,10,10.15,0,0,1
5k-q0,7,2026-11-02,Race preparation,,50,331.667,10,10.15,0,0,1
5k-q0,8,2026-11-09,Recovery,,39.6,265.067,8,8,0,0,1
5k-q0,9,2026-11-16,Race preparation,,54.2,360.967,11,11,0,0,1
5k-q0,10,2026-11-23,Race preparation,2026-11-29,34.6,230.433,7,7,0,0,1
5k-q0,11,2026-11-30,Taper,,31.9,213,,6.9,0,0,0
5k-q0,12,2026-12-07,Race week,,16.3,109,,4.2,0,0,0
5k-q1,1,2026-09-21,Foundation,,50,331.667,10,12.06,1,0,2
5k-q1,2,2026-09-28,Foundation,,51.165,340.333,10,12.965,1,0,2
5k-q1,3,2026-10-05,Build,,52.62,350.333,10,14.02,1,0,2
5k-q1,4,2026-10-12,Recovery,,43,287.067,8,11.9,0,0,1
5k-q1,5,2026-10-19,Build,,54.177,360.333,10,15.377,1,0,2
5k-q1,6,2026-10-26,Build,,55.684,370.333,10,16.884,1,0,2
5k-q1,7,2026-11-02,Race preparation,,56.89,378.333,10,18.09,1,0,2
5k-q1,8,2026-11-09,Recovery,,45.4,310,7,14.7,0,0,1
5k-q1,9,2026-11-16,Race preparation,,58.786,390.967,11,17.186,1,0,2
5k-q1,10,2026-11-23,Race preparation,2026-11-29,45.79,304.433,7,18.09,1,0,2
5k-q1,11,2026-11-30,Taper,,30.284,202,,6.9,1,0,1
5k-q1,12,2026-12-07,Race week,,16.578,111,,5.578,1,0,1
5k-q2,1,2026-09-21,Foundation,,50,331.667,10,11.307,2,0,3
5k-q2,2,2026-09-28,Foundation,,51.169,340.333,10,11.91,2,0,3
5k-q2,3,2026-10-05,Build,,52.675,350.333,10,12.513,2,0,3
5k-q2,4,2026-10-12,Recovery,,43.1,287.067,8,10.4,0,0,1
5k-q2,5,2026-10-19,Build,,54.23,360.333,10,12.965,2,0,3
5k-q2,6,2026-10-26,Build,,55.736,370.333,10,13.568,2,0,3
5k-q2,7,2026-11-02,Race preparation,,57.242,380.333,10,14.171,2,0,3
5k-q2,8,2026-11-09,Recovery,,46.7,311.067,8,11.7,0,0,1
5k-q2,9,2026-11-16,Race preparation,,58.84,390.967,11,14.02,2,0,3
5k-q2,10,2026-11-23,Race preparation,2026-11-29,54.568,362.433,7,16.884,2,0,3
5k-q2,11,2026-11-30,Taper,,29.365,196,,6.9,2,0,2
5k-q2,12,2026-12-07,Race week,,16.578,111,,5.578,1,0,1
10k-q0,1,2026-09-21,Foundation,,50,331.667,12,12,0,0,1
10k-q0,2,2026-09-28,Foundation,,51.6,343.6,12,12,0,0,1
10k-q0,3,2026-10-05,Build,,53.8,357.6,12,12,0,0,1
10k-q0,4,2026-10-12,Recovery,,43.9,292.7,9,9,0,0,1
10k-q0,5,2026-10-19,Build,,55.8,370.867,14,14,0,0,1
10k-q0,6,2026-10-26,Build,,57.8,383.867,14,14,0,0,1
10k-q0,7,2026-11-02,Race preparation,,59.8,397.867,14,14,0,0,1
10k-q0,8,2026-11-09,Recovery,,48.8,325.967,11,11,0,0,1
10k-q0,9,2026-11-16,Race preparation,,61.6,410.133,16,16,0,0,1
10k-q0,10,2026-11-23,Race preparation,2026-11-29,44.2,295.7,9,9,0,0,1
10k-q0,11,2026-11-30,Taper,,35.5,238,,7.3,0,0,0
10k-q0,12,2026-12-07,Race week,,17.2,115,,4.5,0,0,0
10k-q1,1,2026-09-21,Foundation,,50,331.667,12,12,1,0,2
10k-q1,2,2026-09-28,Foundation,,51.657,343.6,12,12,1,0,2
10k-q1,3,2026-10-05,Build,,53.86,357.6,12,12.06,1,0,2
10k-q1,4,2026-10-12,Recovery,,43.8,292.7,9,10.5,0,0,1
10k-q1,5,2026-10-19,Build,,55.86,370.867,14,14,1,0,2
10k-q1,6,2026-10-26,Build,,57.763,383.867,14,14,1,0,2
10k-q1,7,2026-11-02,Race preparation,,59.766,397.867,14,14,1,0,2
10k-q1,8,2026-11-09,Recovery,,49,325.967,11,11,0,0,1
10k-q1,9,2026-11-16,Race preparation,,61.616,410.133,16,16,1,0,2
10k-q1,10,2026-11-23,Race preparation,2026-11-29,53.49,356.7,9,18.09,1,0,2
10k-q1,11,2026-11-30,Taper,,33.43,223,,7.8,1,0,1
10k-q1,12,2026-12-07,Race week,,16.925,113,,5.126,1,0,1
10k-q2,1,2026-09-21,Foundation,,50,331.667,12,12,2,0,3
10k-q2,2,2026-09-28,Foundation,,51.712,343.6,12,12,2,0,3
10k-q2,3,2026-10-05,Build,,53.818,357.6,12,12,2,0,3
10k-q2,4,2026-10-12,Recovery,,43.8,292.7,9,9.9,0,0,1
10k-q2,5,2026-10-19,Build,,55.818,370.867,14,14,2,0,3
10k-q2,6,2026-10-26,Build,,57.724,383.867,14,14,2,0,3
10k-q2,7,2026-11-02,Race preparation,,59.879,397.867,14,14,2,0,3
10k-q2,8,2026-11-09,Recovery,,49,325.967,11,11,0,0,1
10k-q2,9,2026-11-16,Race preparation,,61.679,410.133,16,16,2,0,3
10k-q2,10,2026-11-23,Race preparation,2026-11-29,57.354,381.7,9,15.377,2,0,3
10k-q2,11,2026-11-30,Taper,,31.211,208,,7.5,2,0,2
10k-q2,12,2026-12-07,Race week,,16.726,112,,5.126,1,0,1
half-q0,1,2026-09-21,Foundation,,55,364.833,16,16,0,0,1
half-q0,2,2026-09-28,Foundation,,57.2,380.133,16,16,0,0,1
half-q0,3,2026-10-05,Build,,59.8,397.4,18,18,0,0,1
half-q0,4,2026-10-12,Recovery,,48.9,325.867,14,14,0,0,1
half-q0,5,2026-10-19,Build,,62.2,413.4,18,18,0,0,1
half-q0,6,2026-10-26,Race preparation,,64.8,430.667,20,20,0,0,1
half-q0,7,2026-11-02,Race preparation,,67.2,446.3,21,21,0,0,1
half-q0,8,2026-11-09,Recovery,,53.8,365,15,15,0,0,1
half-q0,9,2026-11-16,Race preparation,2026-11-22,65.2,433.767,17,17,0,0,1
half-q0,10,2026-11-23,Taper,,49.7,331.967,11,11,0,0,1
half-q0,11,2026-11-30,Taper,,36.5,244,,7.5,0,0,0
half-q0,12,2026-12-07,Race week,,17.2,115,,4.5,0,0,0
half-q1,1,2026-09-21,Foundation,,55,364.833,16,16,1,0,2
half-q1,2,2026-09-28,Foundation,,57.11,380.133,16,16,1,0,2
half-q1,3,2026-10-05,Build,,59.86,397.4,18,18,1,0,2
half-q1,4,2026-10-12,Recovery,,48.9,325.867,14,14,0,0,1
half-q1,5,2026-10-19,Build,,62.214,413.4,18,18,1,0,2
half-q1,6,2026-10-26,Race preparation,,64.765,430.667,20,20,1,0,2
half-q1,7,2026-11-02,Race preparation,,67.117,446.3,21,21,1,0,2
half-q1,8,2026-11-09,Recovery,,54,365,15,15,0,0,1
half-q1,9,2026-11-16,Race preparation,2026-11-22,65.22,433.767,17,17,1,0,2
half-q1,10,2026-11-23,Taper,,45.082,299.967,11,11,1,0,2
half-q1,11,2026-11-30,Taper,,34.282,229,,7.8,1,0,1
half-q1,12,2026-12-07,Race week,,17.076,114,,5.276,1,0,1
half-q2,1,2026-09-21,Foundation,,55,364.833,16,16,2,0,3
half-q2,2,2026-09-28,Foundation,,57.216,380.133,16,16,2,0,3
half-q2,3,2026-10-05,Build,,59.818,397.4,18,18,2,0,3
half-q2,4,2026-10-12,Recovery,,48.8,325.867,14,14,0,0,1
half-q2,5,2026-10-19,Build,,62.275,413.4,18,18,2,0,3
half-q2,6,2026-10-26,Race preparation,,64.826,430.667,20,20,2,0,3
half-q2,7,2026-11-02,Race preparation,,67.23,446.3,21,21,2,0,3
half-q2,8,2026-11-09,Recovery,,54.1,365,15,15,0,0,1
half-q2,9,2026-11-16,Race preparation,2026-11-22,65.236,433.767,17,17,2,0,3
half-q2,10,2026-11-23,Taper,,42.12,279.967,11,11,2,0,3
half-q2,11,2026-11-30,Taper,,32.061,214,,7.6,2,0,2
half-q2,12,2026-12-07,Race week,,16.725,112,,5.125,1,0,1
marathon-q0,1,2026-09-21,Foundation,,70,464.333,23,23,0,0,1
marathon-q0,2,2026-09-28,Foundation,,70,464.333,25,25,0,0,1
marathon-q0,3,2026-10-05,Foundation,,72.5,483.1,27,27,0,0,1
marathon-q0,4,2026-10-12,Recovery,,50.6,337.3,21,21,0,0,1
marathon-q0,5,2026-10-19,Build,,75.6,503.367,29,29,0,0,1
marathon-q0,6,2026-10-26,Build,,75.6,503.633,31,31,0,0,1
marathon-q0,7,2026-11-02,Build,,78.7,523.9,33,33,0,0,1
marathon-q0,8,2026-11-09,Recovery,,54.8,365.2,24,24,0,0,1
marathon-q0,9,2026-11-16,Race preparation,,78.98,523.9,35,35,0,0,1
marathon-q0,10,2026-11-23,Race preparation,,78.98,523.9,35,35,0,0,1
marathon-q0,11,2026-11-30,Taper,,47,313.3,21,21,0,0,1
marathon-q0,12,2026-12-07,Race week,,31.3,209,,7.9,0,0,0
marathon-q1,1,2026-09-21,Foundation,,70,464.333,23,23,1,0,2
marathon-q1,2,2026-09-28,Foundation,,70,464.333,25,25,1,1,2
marathon-q1,3,2026-10-05,Foundation,,72.644,483.1,27,27,1,0,2
marathon-q1,4,2026-10-12,Recovery,,50.6,337.3,21,21,0,0,1
marathon-q1,5,2026-10-19,Build,,75.698,503.367,29,29,1,1,2
marathon-q1,6,2026-10-26,Build,,75.741,503.633,31,31,1,0,2
marathon-q1,7,2026-11-02,Build,,78.844,523.9,33,33,1,1,2
marathon-q1,8,2026-11-09,Recovery,,54.8,365.2,24,24,0,0,1
marathon-q1,9,2026-11-16,Race preparation,,78.979,523.9,35,35,1,0,2
marathon-q1,10,2026-11-23,Race preparation,,78.979,523.9,35,35,1,0,2
marathon-q1,11,2026-11-30,Taper,,47.038,313.3,21,21,1,0,2
marathon-q1,12,2026-12-07,Race week,,30.796,206,,9.196,1,0,1
marathon-q2,1,2026-09-21,Foundation,,70,464.333,23,23,2,0,3
marathon-q2,2,2026-09-28,Foundation,,70,464.333,25,25,2,1,3
marathon-q2,3,2026-10-05,Foundation,,72.738,483.1,27,27,2,0,3
marathon-q2,4,2026-10-12,Recovery,,50.7,337.3,21,21,0,0,1
marathon-q2,5,2026-10-19,Build,,75.792,503.367,29,29,2,1,3
marathon-q2,6,2026-10-26,Build,,75.883,503.633,31,31,2,0,3
marathon-q2,7,2026-11-02,Build,,78.938,523.9,33,33,2,1,3
marathon-q2,8,2026-11-09,Recovery,,54.9,365.2,24,24,0,0,1
marathon-q2,9,2026-11-16,Race preparation,,78.98,523.9,35,35,2,0,3
marathon-q2,10,2026-11-23,Race preparation,,78.98,523.9,35,35,2,0,3
marathon-q2,11,2026-11-30,Taper,,47.087,313.3,21,21,1,0,2
marathon-q2,12,2026-12-07,Race week,,31.345,209,,9.045,1,0,1
